{
  "PresetList": [
    {
      "AlignAVStart": false,
      "AudioCopyMask": [
        "copy:aac",
        "copy:ac3"
      ],
      "AudioEncoderFallback": "av_aac",
      "AudioLanguageList": [],
      "AudioList": [
        {
          "AudioBitrate": 160,
          "AudioCompressionLevel": 0,
          "AudioEncoder": "av_aac",
          "AudioMixdown": "stereo",
          "AudioNormalizeMixLevel": false,
          "AudioSamplerate": "auto",
          "AudioTrackQualityEnable": false,
          "AudioTrackQuality": -1,
          "AudioTrackGainSlider": 0,
          "AudioTrackDRCSlider": 0
        },
        {
          "AudioBitrate": 0,
          "AudioCompressionLevel": 0,
          "AudioEncoder": "copy:ac3",
          "AudioMixdown": "none",
          "AudioNormalizeMixLevel": false,
          "AudioSamplerate": "auto",
          "AudioTrackQualityEnable": false,
          "AudioTrackQuality": -1,
          "AudioTrackGainSlider": 0,
          "AudioTrackDRCSlider": 0
        }
      ],
      "AudioSecondaryEncoderMode": true,
      "AudioTrackSelectionBehavior": "first",
      "ChapterMarkers": false,
      "ChildrenArray": [],
      "Default": false,
      "FileFormat": "av_mp4",
      "Folder": false,
      "FolderOpen": false,
      "Mp4HttpOptimize": false,
      "Mp4iPodCompatible": false,
      "PictureAutoCrop": true,
      "PictureBottomCrop": 0,
      "PictureLeftCrop": 0,
      "PictureRightCrop": 0,
      "PictureTopCrop": 0,
      "PictureDARWidth": 480,
      "PictureDeblockPreset": "off",
      "PictureDeblockTune": "medium",
      "PictureDeblockCustom": "strength=strong:thresh=20:blocksize=8",
      "PictureDeinterlaceFilter": "decomb",
      "PictureCombDetectPreset": "default",
      "PictureCombDetectCustom": "",
      "PictureDeinterlacePreset": "default",
      "PictureDeinterlaceCustom": "",
      "PictureDenoiseCustom": "",
      "PictureDenoiseFilter": "off",
      "PictureDenoisePreset": "light",
      "PictureDenoiseTune": "none",
      "PictureSharpenCustom": "",
      "PictureSharpenFilter": "off",
      "PictureSharpenPreset": "medium",
      "PictureSharpenTune": "none",
      "PictureDetelecine": "off",
      "PictureDetelecineCustom": "",
      "PictureColorspacePreset": "off",
      "PictureColorspaceCustom": "",
      "PictureChromaSmoothPreset": "off",
      "PictureChromaSmoothTune": "none",
      "PictureChromaSmoothCustom": "",
      "PictureItuPAR": false,
      "PictureKeepRatio": true,
      "PictureLooseCrop": false,
      "PicturePAR": "none",
      "PicturePARWidth": 1,
      "PicturePARHeight": 1,
      "PictureWidth": 480,
      "PictureHeight": 272,
      "PictureUseMaximumSize": false,
      "PictureAllowUpscaling": false,
      "PictureForceHeight": 0,
      "PictureForceWidth": 0,
      "PicturePadMode": "none",
      "PicturePadTop": 0,
      "PicturePadBottom": 0,
      "PicturePadLeft": 0,
      "PicturePadRight": 0,
      "PresetName": "PSP",
      "Type": 1,
      "SubtitleAddCC": false,
      "SubtitleAddForeignAudioSearch": true,
      "SubtitleAddForeignAudioSubtitle": false,
      "SubtitleBurnBehavior": "foreign",
      "SubtitleBurnBDSub": false,
      "SubtitleBurnDVDSub": false,
      "SubtitleLanguageList": [],
      "SubtitleTrackSelectionBehavior": "none",
      "VideoAvgBitrate": 0,
      "VideoColorMatrixCode": 0,
      "VideoEncoder": "x264",
      "VideoFramerateMode": "cfr",
      "VideoGrayScale": false,
      "VideoScaler": "swscale",
      "VideoPreset": "veryslow",
      "VideoTune": "film",
      "VideoProfile": "main",
      "VideoLevel": "auto",
      "VideoOptionExtra": "ref=3:bframes=1",
      "VideoQualityType": 2,
      "VideoQualitySlider": 18,
      "VideoQSVDecode": true,
      "VideoQSVAsyncDepth": 0,
      "VideoTwoPass": true,
      "VideoTurboTwoPass": false,
      "x264UseAdvancedOptions": false,
      "PresetDisabled": false,
      "MetadataPassthrough": false
    }
  ],
  "VersionMajor": 47,
  "VersionMicro": 0,
  "VersionMinor": 0
}